date,away,home,proj,proj_away,proj_home,cutoff,flag,p7,away_goalie,home_goalie,open_total,open_over,bet_total,bet_over,bet_under,best_book,best_total,best_over,best_under,logged_at,flagged_at,close_total,close_over,close_under,away_score,home_score,final_total,result,profit,clv,result_best,profit_best,away_b2b,home_b2b,away_goalie_now,home_goalie_now,updated_at,away_out,home_out,away_dtd,home_dtd,away_lineup,home_lineup,away_l10_n,away_l10_avg,away_l10_7,home_l10_n,home_l10_avg,home_l10_7,h2h_n,h2h_avg,h2h_7,h2h_last,trend_lean,away_ev,away_pp,away_oth,away_gadj,away_b2badj,away_inj,home_ev,home_pp,home_oth,home_gadj,home_b2badj,home_inj
2026-10-02,NYR,DET,5.277,2.529,2.747,2.954,False,0.3987,Igor Shesterkin (Unconfirmed),John Gibson (Unconfirmed),6.0,-110,5.5,-135,114,BetMGM NJ,6.0,-105.0,-115.0,2026-10-02 01:57,,,,,,,,,,,,,True,False,Dylan Garand (Unconfirmed),John Gibson (Likely),2026-10-02 15:36,,Dylan Larkin|0.0300|0.0046; Simon Edvinsson|-0.0061|0.0054; Jacob Bernard-Docker|-0.0101|0.0027,,,,,10,5.4,2,10,7.4,7,15,5.8,5,4/4/26 DET 1-4 NYR; 11/16/25 DET 2-1 NYR; 11/7/25 NYR 4-1 DET,,1.9213,0.5432,0.3928,-0.0187,-0.08,,1.8946,0.5984,0.3928,-0.041,0.065,
2026-10-02,WSH,CAR,5.713,2.835,2.878,2.954,False,0.4378,Logan Thompson (Confirmed),Pyotr Kochetkov (Unconfirmed),6.5,107,6.5,104,-125,DK NJ,6.5,110.0,-130.0,2026-10-02 01:57,,,,,,,,,,,,,False,False,Logan Thompson (Confirmed),Brandon Bussi (Confirmed),2026-10-02 15:36,Rasmus Sandin|-0.0046|0.0074,Seth Jarvis|0.0295|0.0073; Alexander Nikishin|0.0054|0.0082,,,,,10,7.6,7,10,6.3,5,18,6.17,6,1/31/26 CAR 3-4 WSH; 12/11/25 CAR 2-2 WSH; 11/11/25 WSH 4-1 CAR,,2.014,0.4812,0.3928,-0.0217,0.0,,2.2306,0.611,0.3928,-0.1104,0.0,
2026-10-02,BOS,WPG,5.707,3.004,2.704,2.954,False,0.4372,Jeremy Swayman (Unconfirmed),Stuart Skinner (Unconfirmed),5.5,-125,5.5,-125,105,BetMGM NJ,6.0,-110.0,-110.0,2026-10-02 01:57,,,,,,,,,,,,,False,False,Jeremy Swayman (Confirmed),Stuart Skinner (Likely),2026-10-02 19:36,Michael Eyssimont (scratch)|0.0000|0.0034; Charlie McAvoy (IR)|0.0099|-0.0009,Elias Salomonsson|-0.0027|0.0009,,,Belle Fraser Oct 1 12:20 PM,Danielle Bain Oct 2 11:49 AM,10,5.2,3,10,6.3,6,10,6.3,4,3/19/26 WPG 1-6 BOS; 12/11/25 BOS 6-3 WPG; 1/30/25 WPG 6-2 BOS,,2.1377,0.5355,0.3928,-0.023,0.0,,2.0439,0.5231,0.3928,-0.0882,0.0,
2026-10-02,STL,DAL,5.559,2.683,2.876,2.954,False,0.4238,Joel Hofer (Unconfirmed),Jake Oettinger (Unconfirmed),5.5,-120,5.5,-136,113,BetMGM NJ,6.0,-110.0,-110.0,2026-10-02 01:57,,,,,,,,,,,,,False,False,Joel Hofer (Confirmed),Jake Oettinger (Confirmed),2026-10-02 19:36,Tyler Tucker|-0.0064|0.0046; Logan Mailloux|-0.0058|0.0028,Matt Duchene|0.0182|0.0038; Colin Blackwell (scratch)|0.0000|0.0023,,,Jeremy Rutherford Oct 2 12:40 PM,Robert Tiffin Oct 2 11:35 AM,10,7.1,6,10,6.2,6,18,4.78,5,2/4/26 STL 4-5 DAL; 1/27/26 DAL 4-3 STL; 1/23/26 STL 2-3 DAL,,1.8887,0.4959,0.3928,-0.0355,0.0,,1.9928,0.6182,0.3928,-0.0442,0.0,
2026-10-02,ANA,VGK,6.074,2.844,3.23,2.954,False,0.4707,Lukas Dostal (Unconfirmed),Carter Hart (Unconfirmed),6.5,-109,6.5,-120,-100,FanDuel NJ,6.5,-120.0,-102.0,2026-10-02 01:57,,,,,,,,,,,,,False,False,Lukas Dostal (Confirmed),Carter Hart (Confirmed),2026-10-02 21:59,Drew Helleson|-0.0076|0.0004; Troy Terry|0.0183|0.0032; Ian Moore|-0.0052|0.0053,,,,Derek Lee Oct 2 9:40 PM,Hannah Kirkell Oct 2 9:38 PM,10,7.1,7,10,6.5,5,26,5.96,11,2/1/26 VGK 3-4 ANA; 11/22/25 VGK 3-4 ANA; 11/8/25 ANA 4-3 VGK,,1.9313,0.4653,0.3928,0.0214,0.0,,2.1736,0.6889,0.3928,-0.0089,0.0,
2026-10-01,PHI,NJD,5.282,2.382,2.901,2.951,False,0.3998,Joseph Woll (Confirmed),Jake Allen (Confirmed),5.5,-120,5.5,-120,100,,,,,2026-10-01 (added retroactively Oct 2 from pre-game data; line = opening line),,5.5,-120.0,-101.0,2.0,3.0,5.0,,,,,,True,False,Joseph Woll (Confirmed),Jake Allen (Confirmed),,,,,,,,10,6.5,4,10,6.5,6,26,6.08,13,4/7/26 PHI 5-1 NJD; 11/29/25 PHI 5-3 NJD; 11/22/25 NJD 3-6 PHI,,1.8824,0.4312,0.3936,-0.0437,-0.08,,1.8405,0.5772,0.3936,-0.0312,0.065,
2026-10-01,TBL,NYR,5.23,2.812,2.418,2.951,False,0.3951,Andrei Vasilevskiy (Confirmed),Igor Shesterkin (Confirmed),5.5,-132,5.5,-132,110,,,,,2026-10-01 (added retroactively Oct 2 from pre-game data; line = opening line),,5.5,-122.0,100.0,1.0,5.0,6.0,,,,,,False,False,Andrei Vasilevskiy (Confirmed),Igor Shesterkin (Confirmed),,,,,,,,10,5.6,3,10,5.2,2,15,5.87,5,4/15/26 NYR 4-2 TBL; 11/29/25 TBL 4-1 NYR; 11/12/25 NYR 7-3 TBL,UNDER,2.2166,0.555,0.3936,-0.1116,0.0,,1.7607,0.5698,0.3936,-0.1125,0.0,
2026-10-01,BUF,CBJ,5.782,2.822,2.96,2.951,False,0.4446,Ukko-Pekka Luukkonen (Confirmed),Jet Greaves (Confirmed),5.5,-135,5.5,-135,115,,,,,2026-10-01 (added retroactively Oct 2 from pre-game data; line = opening line),,6.5,112.0,-133.0,3.0,6.0,9.0,,,,,,False,False,Ukko-Pekka Luukkonen (Confirmed),Jet Greaves (Confirmed),,,,,,,,10,6.4,5,10,5.5,4,15,7.67,9,4/9/26 CBJ 0-5 BUF; 1/3/26 BUF 1-5 CBJ; 10/28/25 CBJ 4-3 BUF,,2.1636,0.587,0.3936,-0.1026,0.0,,2.1535,0.4648,0.3936,-0.0172,0.0,
2026-10-01,MIN,NSH,5.915,3.094,2.821,2.951,False,0.4568,Jesper Wallstedt (Confirmed),Juuse Saros (Confirmed),6.5,110,6.5,110,-130,,,,,2026-10-01 (added retroactively Oct 2 from pre-game data; line = opening line),,6.5,106.0,-128.0,3.0,1.0,4.0,,,,,,False,False,Jesper Wallstedt (Confirmed),Juuse Saros (Confirmed),,,,,,,,10,6.8,6,10,6.0,3,18,6.67,12,4/11/26 MIN 1-2 NSH; 2/4/26 MIN 6-5 NSH; 12/23/25 NSH 3-2 MIN,OVER,2.1243,0.6143,0.3936,-0.0123,0.0,,1.9552,0.5186,0.3936,-0.0161,0.0,
2026-10-01,SEA,CGY,5.574,2.855,2.719,2.951,False,0.4259,Joey Daccord (Confirmed),Dustin Wolf (Confirmed),5.5,-115,5.5,-115,-105,,,,,2026-10-01 (added retroactively Oct 2 from pre-game data; line = opening line),,5.5,-125.0,105.0,6.0,1.0,7.0,,,,,,False,False,Joey Daccord (Confirmed),Dustin Wolf (Confirmed),,,,,,,,10,5.9,5,10,6.7,5,18,6.06,7,4/11/26 CGY 1-4 SEA; 1/5/26 SEA 5-1 CGY; 12/18/25 SEA 2-4 CGY,,1.9797,0.4981,0.3936,-0.0057,0.0,,1.9462,0.4291,0.3936,-0.0179,0.0,
2026-10-01,CHI,UTA,6.292,2.7,3.592,2.951,False,0.4914,Arvid Soderblom (Confirmed),Karel Vejmelka (Confirmed),5.5,-115,5.5,-115,-105,,,,,2026-10-01 (added retroactively Oct 2 from pre-game data; line = opening line),,6.5,-105.0,-117.0,0.0,6.0,6.0,,,,,,False,False,Arvid Soderblom (Confirmed),Karel Vejmelka (Confirmed),,,,,,,,10,6.7,6,10,8.0,7,8,5.25,3,3/12/26 CHI 3-2 UTA; 3/9/26 UTA 2-3 CHI; 3/1/26 CHI 4-0 UTA,OVER,1.8543,0.5146,0.3936,-0.0226,0.0,,2.4606,0.5758,0.3936,0.0472,0.0,
2026-10-01,EDM,VAN,6.414,3.671,2.743,2.951,False,0.5027,Devon Levi (Confirmed),Kevin Lankinen (Confirmed),6.5,-110,6.5,-110,-110,,,,,2026-10-01 (added retroactively Oct 2 from pre-game data; line = opening line),,6.5,-125.0,105.0,9.0,7.0,16.0,,,,,,False,False,Devon Levi (Confirmed),Kevin Lankinen (Confirmed),,,,,,,,10,5.9,4,10,7.9,8,29,6.45,16,9/29/26 VAN 6-5 EDM; 4/16/26 VAN 1-6 EDM; 1/17/26 EDM 6-0 VAN,OVER,2.3769,0.6842,0.3936,0.0625,0.0,,1.7707,0.5915,0.3936,-0.0045,0.0,
2026-10-01,FLA,SJS,6.226,3.271,2.955,2.951,True,0.4854,Akira Schmid (Confirmed),Yaroslav Askarov (Confirmed),6.5,102,6.5,102,-122,DK NJ,6.5,-105.0,-115.0,2026-10-01 (added retroactively Oct 2 from pre-game data; line = opening line),,6.5,-105.0,-115.0,3.0,4.0,7.0,W,1.02,1.0,W,0.9523809523809524,False,False,Akira Schmid (Confirmed),Yaroslav Askarov (Confirmed),,,,,,,,10,6.8,6,10,6.6,7,10,6.0,4,1/19/26 SJS 4-1 FLA; 11/8/25 FLA 1-3 SJS; 1/25/25 FLA 7-2 SJS,OVER,2.0221,0.6521,0.3936,0.0661,0.0,,1.956,0.6019,0.3936,0.0012,0.0,
