season,team,bursts22,bursts20_22,bursts18_20,max_mph,dist_per60
2021,MTL,65,1920,8792,23.626,9.1892
2021,BUF,42,1406,7728,22.985,9.2556
2021,SJS,59,1653,7822,24.013,9.2632
2021,ARI,22,1090,6724,23.678,8.8597
2021,FLA,65,1610,8632,23.683,9.4437
2021,CAR,83,1647,7880,23.951,9.2274
2021,WPG,57,1479,7334,23.475,9.1821
2021,NSH,21,1159,7249,23.125,8.895
2021,NJD,76,1783,8530,23.667,9.2432
2021,OTT,83,1836,8490,24.214,9.0811
2021,COL,213,2570,8982,23.959,9.1766
2021,WSH,94,1904,8237,23.235,9.1506
2021,STL,51,1450,7747,23.709,9.1925
2021,DET,45,1301,6860,23.609,9.086
2021,NYR,110,1805,8132,23.891,9.2286
2021,ANA,34,1315,7597,23.137,9.1749
2021,CHI,56,1480,7973,23.144,9.3141
2021,SEA,49,1478,8416,23.216,9.2896
2021,PIT,86,1927,8709,23.49,9.3742
2021,BOS,59,1498,7970,23.531,9.2246
2021,DAL,142,1771,7784,24.6,8.9764
2021,TBL,99,1605,7237,23.357,8.8804
2021,PHI,39,1411,7557,23.411,9.2184
2021,MIN,54,1310,7513,22.985,8.9539
2021,CBJ,111,1898,8070,23.417,9.1878
2021,NYI,30,1278,6965,22.821,8.8964
2021,VAN,49,1519,7870,23.329,9.0931
2021,LAK,101,1724,8177,24.17,9.1326
2021,TOR,99,1861,8650,23.407,9.3089
2021,EDM,190,2426,8559,24.144,9.1795
2021,VGK,86,1796,8217,23.509,9.2465
2021,CGY,51,1674,8739,23.571,9.3255
2022,MTL,121,1980,8321,24.204,9.2343
2022,BUF,55,1545,8100,23.505,9.2093
2022,SJS,56,1516,8080,23.617,8.9656
2022,ARI,29,1183,7089,23.123,9.0729
2022,FLA,50,1446,7653,23.297,9.188
2022,CAR,61,1524,7391,23.814,9.1327
2022,WPG,70,1685,7667,23.238,9.1655
2022,NSH,21,1105,6786,23.079,8.7655
2022,NJD,84,1622,7861,23.48,9.1782
2022,OTT,57,1526,7923,23.376,9.207
2022,COL,206,2418,8447,24.021,8.8629
2022,WSH,76,1560,7497,24.207,9.0879
2022,STL,55,1471,7328,23.522,9.037
2022,DET,41,1119,6580,23.388,9.1006
2022,NYR,93,1575,7335,23.502,9.08
2022,ANA,32,1192,6430,23.331,8.8387
2022,CHI,75,1475,7590,24.176,9.0926
2022,SEA,29,1320,7851,22.895,9.2916
2022,PIT,110,1831,8200,24.323,9.1834
2022,BOS,33,1374,7313,23.539,8.9911
2022,DAL,71,1425,8046,23.003,9.3651
2022,TBL,75,1607,7089,24.263,8.9603
2022,PHI,55,1430,7107,23.309,9.1537
2022,MIN,40,1235,7180,22.933,9.0584
2022,CBJ,87,1741,7818,23.376,8.9465
2022,NYI,54,1530,7600,23.672,9.0445
2022,VAN,54,1580,7745,23.305,8.9567
2022,LAK,65,1440,7005,23.322,8.8784
2022,TOR,65,1780,8236,23.007,9.179
2022,EDM,180,2220,7986,24.156,8.9963
2022,VGK,82,1774,7444,23.8,9.1164
2022,CGY,37,1610,8475,23.73,9.5091
2023,MTL,95,1774,7718,23.253,9.1164
2023,BUF,34,1247,7362,22.994,9.1425
2023,SJS,76,1379,7685,23.526,9.036
2023,ARI,43,1475,7568,23.557,9.1385
2023,FLA,38,1476,7910,23.528,9.3182
2023,CAR,87,1615,7633,23.683,9.2711
2023,WPG,79,1544,7561,23.948,9.2037
2023,NSH,26,1298,7866,23.305,9.2324
2023,NJD,85,1730,8263,24.192,9.292
2023,OTT,94,1804,7748,23.475,8.9437
2023,COL,266,2639,8753,24.05,9.1587
2023,WSH,93,1917,7650,23.629,9.2921
2023,STL,85,1642,7496,23.576,9.0757
2023,DET,34,1382,7105,23.202,8.9741
2023,NYR,70,1537,7743,23.473,9.1165
2023,ANA,50,1374,7333,23.489,8.9953
2023,CHI,46,1349,7547,23.182,9.2628
2023,SEA,32,1440,8308,23.804,9.2261
2023,PIT,67,1785,8301,23.199,9.3171
2023,BOS,38,1322,7430,23.641,9.1643
2023,DAL,78,1499,7988,23.594,9.4588
2023,TBL,124,1907,7784,24.148,8.9924
2023,PHI,103,1548,7749,24.213,9.2775
2023,MIN,46,1285,6790,23.956,8.7418
2023,CBJ,86,1931,8623,23.502,9.1416
2023,NYI,100,1869,8008,23.576,9.1331
2023,VAN,63,1471,7495,23.362,8.9696
2023,LAK,88,1769,7866,23.758,9.0956
2023,TOR,64,1534,7573,23.45,8.9474
2023,EDM,155,2256,8403,24.191,9.0937
2023,VGK,75,1492,7230,23.207,9.1158
2023,CGY,53,1338,8377,23.609,9.3251
2024,MTL,119,2103,8287,23.771,9.1955
2024,BUF,61,1722,8605,22.942,9.3123
2024,SJS,46,1612,7944,23.125,9.0
2024,FLA,48,1697,8230,23.415,9.341
2024,CAR,98,1753,7867,24.491,9.2161
2024,WPG,94,1567,7530,24.471,9.2823
2024,NSH,46,1335,7995,24.205,9.2603
2024,NJD,78,1525,7775,23.583,9.2685
2024,OTT,107,1821,8112,23.76,9.2197
2024,COL,212,2281,8816,24.817,9.2523
2024,WSH,97,1688,7663,23.341,9.0171
2024,STL,79,1661,7788,23.476,9.208
2024,DET,44,1626,7883,23.294,9.2726
2024,NYR,63,1558,7819,23.987,9.1959
2024,ANA,94,1676,7875,23.751,9.077
2024,CHI,66,1318,6912,23.293,9.1629
2024,SEA,42,1617,8077,23.515,9.213
2024,PIT,60,1594,8223,23.671,9.2351
2024,BOS,67,1420,7853,23.193,9.1953
2024,DAL,47,1550,7711,23.698,9.2724
2024,TBL,109,1830,7766,23.759,9.0326
2024,PHI,91,1680,7800,23.891,9.3234
2024,MIN,51,1412,7237,23.508,9.0364
2024,CBJ,95,1809,8266,23.463,9.2626
2024,NYI,79,1864,8166,23.525,9.1945
2024,VAN,41,1322,7506,24.561,9.1851
2024,LAK,75,1537,7847,23.402,9.2366
2024,UTA,77,1725,8107,23.29,9.245
2024,TOR,78,1599,7779,23.673,9.2046
2024,EDM,174,2076,8440,24.359,9.2069
2024,VGK,81,1449,7139,23.496,9.17
2024,CGY,43,1325,7591,24.055,9.328
2025,MTL,100,2042,8143,23.6214,9.1123
2025,BUF,93,2120,9119,24.9389,9.3121
2025,SJS,49,1542,7744,23.4071,9.0016
2025,FLA,56,1639,8005,23.3358,9.3275
2025,CAR,103,1684,7645,23.5969,9.2462
2025,WPG,57,1377,7377,24.2193,9.1979
2025,NSH,30,1332,7847,23.471,9.1743
2025,NJD,61,1520,7731,23.3719,9.2637
2025,OTT,126,1827,7900,24.3656,9.0881
2025,COL,175,2468,9198,24.7795,9.3988
2025,WSH,119,1873,7515,24.2609,8.9153
2025,STL,53,1569,7808,23.5152,9.2336
2025,DET,45,1656,7759,22.835,9.1906
2025,NYR,78,1509,7501,23.7966,9.0124
2025,ANA,96,1888,8543,23.951,9.2843
2025,CHI,80,1554,7368,23.7618,9.1565
2025,SEA,47,1521,8049,23.2697,9.296
2025,PIT,79,1494,7776,23.7392,9.1343
2025,BOS,54,1289,6951,23.8442,9.0935
2025,DAL,51,1321,7177,23.607,9.0486
2025,TBL,95,1677,7510,23.7137,9.0657
2025,PHI,97,1642,7753,23.9739,9.2407
2025,MIN,66,1597,7327,23.6143,9.1059
2025,CBJ,110,1807,8206,23.7146,9.1895
2025,NYI,134,2017,8209,23.5087,9.0965
2025,VAN,68,1475,7589,23.6938,9.1117
2025,LAK,90,1594,8037,24.2194,9.071
2025,UTA,127,2080,8527,24.3765,9.0689
2025,TOR,64,1572,7585,24.25,9.1223
2025,EDM,258,2173,8242,24.6119,9.1695
2025,VGK,64,1643,7502,23.4488,9.1513
2025,CGY,28,1152,7303,22.8722,9.312
