team,gf,gf_ev,gf_pp,ga,ga_ev,ga_pp,date
ANA,3.18,2.171,0.573,3.09,2.121,0.612,2026-10-01
BOS,2.958,2.101,0.541,3.136,2.134,0.541,2026-10-01
BUF,3.214,2.194,0.539,2.973,2.1,0.55,2026-10-01
CAR,3.134,2.153,0.583,2.831,1.929,0.512,2026-10-01
CBJ,3.003,2.114,0.467,3.004,2.032,0.602,2026-10-01
CGY,2.674,1.934,0.446,3.196,2.161,0.547,2026-10-01
CHI,2.748,1.902,0.475,3.31,2.324,0.57,2026-10-01
COL,3.708,2.485,0.64,2.765,1.96,0.544,2026-10-01
DAL,3.03,2.039,0.671,2.999,1.952,0.594,2026-10-01
DET,2.918,1.926,0.61,3.013,2.07,0.54,2026-10-01
EDM,3.354,2.18,0.648,2.846,1.984,0.57,2026-10-01
FLA,2.949,1.979,0.589,2.995,2.01,0.58,2026-10-01
LAK,2.786,1.942,0.464,2.928,1.948,0.574,2026-10-01
MIN,3.051,2.069,0.607,2.941,2.017,0.515,2026-10-01
MTL,3.177,2.144,0.567,3.062,2.127,0.602,2026-10-01
NJD,2.816,1.911,0.542,2.979,2.071,0.487,2026-10-01
NSH,2.876,1.998,0.557,3.134,2.117,0.56,2026-10-01
NYI,2.873,1.927,0.486,3.036,2.139,0.566,2026-10-01
NYR,2.778,1.863,0.552,3.003,2.035,0.547,2026-10-01
OTT,3.231,2.175,0.626,2.715,1.862,0.486,2026-10-01
PHI,2.753,1.874,0.489,2.971,1.985,0.589,2026-10-01
PIT,3.312,2.328,0.63,2.951,2.02,0.508,2026-10-01
SEA,2.752,1.888,0.504,3.031,2.075,0.532,2026-10-01
SJS,2.941,2.006,0.573,3.141,2.107,0.613,2026-10-01
STL,2.829,1.998,0.462,2.942,2.018,0.509,2026-10-01
TBL,3.202,2.245,0.561,2.911,1.948,0.571,2026-10-01
TOR,2.849,1.968,0.51,3.136,2.15,0.572,2026-10-01
UTA,3.209,2.182,0.548,2.933,2.01,0.599,2026-10-01
VAN,2.769,1.84,0.574,3.262,2.247,0.584,2026-10-01
VGK,3.118,2.117,0.618,2.688,1.838,0.449,2026-10-01
WPG,2.848,1.978,0.535,3.095,2.102,0.547,2026-10-01
WSH,3.113,2.157,0.52,3.076,2.14,0.58,2026-10-01
ANA,3.174,2.166,0.573,3.085,2.116,0.612,2026-10-02
BOS,2.953,2.097,0.541,3.131,2.13,0.541,2026-10-02
BUF,3.179,2.176,0.524,2.941,2.063,0.556,2026-10-02
CAR,3.129,2.149,0.583,2.826,1.925,0.512,2026-10-02
CBJ,3.06,2.123,0.515,2.987,2.016,0.602,2026-10-02
CGY,2.629,1.913,0.42,3.248,2.197,0.562,2026-10-02
CHI,2.648,1.823,0.453,3.354,2.382,0.556,2026-10-02
COL,3.702,2.48,0.64,2.761,1.956,0.544,2026-10-02
DAL,3.025,2.035,0.671,2.994,1.949,0.594,2026-10-02
DET,2.914,1.922,0.61,3.008,2.065,0.54,2026-10-02
EDM,3.485,2.254,0.702,2.856,2.011,0.555,2026-10-02
FLA,3.007,1.977,0.65,2.979,1.96,0.616,2026-10-02
LAK,2.782,1.938,0.464,2.923,1.945,0.574,2026-10-02
MIN,3.078,2.082,0.623,2.889,1.961,0.52,2026-10-02
MTL,3.172,2.14,0.567,3.057,2.123,0.602,2026-10-02
NJD,2.832,1.937,0.534,2.883,2.001,0.462,2026-10-02
NSH,2.809,1.946,0.54,3.156,2.129,0.57,2026-10-02
NYI,2.868,1.923,0.486,3.031,2.135,0.566,2026-10-02
NYR,2.832,1.914,0.556,2.985,2.022,0.543,2026-10-02
OTT,3.226,2.17,0.626,2.71,1.858,0.486,2026-10-02
PHI,2.668,1.817,0.463,3.025,2.034,0.594,2026-10-02
PIT,3.307,2.323,0.63,2.946,2.016,0.508,2026-10-02
SEA,2.898,2.012,0.528,3.012,2.085,0.504,2026-10-02
SJS,2.918,1.95,0.606,3.224,2.087,0.715,2026-10-02
STL,2.824,1.994,0.462,2.938,2.014,0.509,2026-10-02
TBL,3.138,2.204,0.54,2.908,1.963,0.554,2026-10-02
TOR,2.844,1.964,0.51,3.131,2.146,0.572,2026-10-02
UTA,3.338,2.271,0.586,2.86,1.962,0.573,2026-10-02
VAN,2.911,1.979,0.578,3.275,2.225,0.62,2026-10-02
VGK,3.113,2.113,0.618,2.684,1.834,0.449,2026-10-02
WPG,2.843,1.974,0.535,3.09,2.098,0.547,2026-10-02
WSH,3.108,2.152,0.52,3.071,2.136,0.58,2026-10-02
ANA,3.214,2.231,0.544,3.089,2.116,0.614,2026-10-03
BOS,2.924,2.088,0.518,3.151,2.091,0.598,2026-10-03
BUF,3.178,2.173,0.524,2.941,2.06,0.556,2026-10-03
CAR,3.155,2.116,0.639,2.867,1.984,0.491,2026-10-03
CBJ,3.06,2.12,0.515,2.987,2.013,0.602,2026-10-03
CGY,2.629,1.91,0.42,3.247,2.194,0.562,2026-10-03
CHI,2.648,1.82,0.453,3.353,2.379,0.556,2026-10-03
COL,3.701,2.476,0.64,2.76,1.953,0.544,2026-10-03
DAL,2.96,1.974,0.664,2.999,1.959,0.585,2026-10-03
DET,2.808,1.847,0.577,2.984,2.025,0.554,2026-10-03
EDM,3.485,2.251,0.702,2.856,2.008,0.555,2026-10-03
FLA,3.007,1.973,0.65,2.978,1.957,0.616,2026-10-03
LAK,2.781,1.935,0.464,2.923,1.942,0.574,2026-10-03
MIN,3.077,2.078,0.623,2.889,1.958,0.52,2026-10-03
MTL,3.171,2.137,0.567,3.056,2.12,0.602,2026-10-03
NJD,2.832,1.934,0.534,2.882,1.998,0.462,2026-10-03
NSH,2.808,1.943,0.54,3.155,2.126,0.57,2026-10-03
NYI,2.868,1.92,0.486,3.03,2.131,0.566,2026-10-03
NYR,2.787,1.847,0.575,2.932,1.987,0.523,2026-10-03
OTT,3.225,2.167,0.626,2.71,1.856,0.486,2026-10-03
PHI,2.668,1.814,0.463,3.024,2.031,0.594,2026-10-03
PIT,3.306,2.319,0.63,2.945,2.013,0.508,2026-10-03
SEA,2.897,2.009,0.528,3.011,2.082,0.504,2026-10-03
SJS,2.918,1.947,0.606,3.224,2.084,0.715,2026-10-03
STL,2.83,2.01,0.45,2.959,1.998,0.544,2026-10-03
TBL,3.137,2.2,0.54,2.908,1.96,0.554,2026-10-03
TOR,2.844,1.961,0.51,3.13,2.142,0.572,2026-10-03
UTA,3.337,2.268,0.586,2.86,1.959,0.573,2026-10-03
VAN,2.91,1.976,0.578,3.274,2.222,0.62,2026-10-03
VGK,3.123,2.109,0.63,2.709,1.867,0.439,2026-10-03
WPG,2.866,1.953,0.577,3.078,2.099,0.531,2026-10-03
WSH,3.206,2.243,0.523,3.159,2.127,0.675,2026-10-03
ANA,3.213,2.227,0.544,3.089,2.111,0.614,2026-10-04
BOS,2.886,2.049,0.514,3.106,2.051,0.589,2026-10-04
BUF,3.211,2.227,0.498,2.912,2.058,0.524,2026-10-04
CAR,3.182,2.126,0.651,2.865,1.974,0.495,2026-10-04
CBJ,3.013,2.089,0.496,2.972,1.974,0.622,2026-10-04
CGY,2.581,1.847,0.43,3.249,2.189,0.566,2026-10-04
CHI,2.663,1.856,0.428,3.386,2.429,0.535,2026-10-04
COL,3.808,2.592,0.622,2.734,1.941,0.524,2026-10-04
DAL,2.902,1.933,0.641,2.973,1.944,0.57,2026-10-04
DET,2.809,1.843,0.577,2.984,2.022,0.554,2026-10-04
EDM,3.468,2.253,0.679,2.816,1.976,0.542,2026-10-04
FLA,3.007,1.97,0.65,2.979,1.953,0.616,2026-10-04
LAK,2.843,1.949,0.508,2.854,1.88,0.563,2026-10-04
MIN,3.064,2.024,0.658,2.903,1.948,0.54,2026-10-04
MTL,3.138,2.132,0.536,3.051,2.095,0.618,2026-10-04
NJD,2.82,1.925,0.527,2.926,2.027,0.473,2026-10-04
NSH,2.782,1.875,0.577,3.131,2.099,0.568,2026-10-04
NYI,2.977,2.003,0.506,3.12,2.21,0.575,2026-10-04
NYR,2.788,1.844,0.575,2.932,1.983,0.523,2026-10-04
OTT,3.311,2.239,0.634,2.758,1.878,0.508,2026-10-04
PHI,2.666,1.817,0.453,3.124,2.12,0.601,2026-10-04
PIT,3.358,2.322,0.676,2.928,2.017,0.482,2026-10-04
SEA,2.834,1.935,0.535,3.043,2.107,0.506,2026-10-04
SJS,2.918,1.939,0.611,3.246,2.114,0.704,2026-10-04
STL,2.777,1.972,0.43,3.026,2.049,0.556,2026-10-04
TBL,3.139,2.206,0.531,2.867,1.933,0.537,2026-10-04
TOR,2.856,1.947,0.532,3.258,2.211,0.626,2026-10-04
UTA,3.351,2.198,0.665,2.871,1.982,0.557,2026-10-04
VAN,2.909,1.983,0.565,3.218,2.186,0.596,2026-10-04
VGK,3.123,2.105,0.63,2.71,1.864,0.439,2026-10-04
WPG,2.867,1.949,0.577,3.078,2.095,0.531,2026-10-04
WSH,3.134,2.191,0.5,3.186,2.142,0.683,2026-10-04
ANA,3.148,2.125,0.584,3.102,2.112,0.629,2026-10-05
BOS,2.883,2.048,0.514,3.102,2.05,0.589,2026-10-05
BUF,3.207,2.226,0.498,2.909,2.058,0.524,2026-10-05
CAR,3.178,2.126,0.651,2.862,1.973,0.495,2026-10-05
CBJ,3.01,2.089,0.496,2.969,1.974,0.622,2026-10-05
CGY,2.539,1.791,0.445,3.229,2.203,0.534,2026-10-05
CHI,2.66,1.856,0.428,3.383,2.428,0.535,2026-10-05
COL,3.805,2.591,0.622,2.731,1.941,0.524,2026-10-05
DAL,2.899,1.932,0.641,2.97,1.943,0.57,2026-10-05
DET,2.864,1.86,0.618,2.988,2.002,0.579,2026-10-05
EDM,3.464,2.252,0.679,2.813,1.975,0.542,2026-10-05
FLA,2.968,1.946,0.638,2.911,1.902,0.601,2026-10-05
LAK,2.84,1.948,0.508,2.851,1.879,0.563,2026-10-05
MIN,3.061,2.024,0.658,2.9,1.948,0.54,2026-10-05
MTL,3.135,2.131,0.536,3.048,2.094,0.618,2026-10-05
NJD,2.817,1.924,0.527,2.923,2.026,0.473,2026-10-05
NSH,2.779,1.874,0.577,3.128,2.099,0.568,2026-10-05
NYI,2.974,2.002,0.506,3.117,2.209,0.575,2026-10-05
NYR,2.82,1.892,0.562,2.982,2.026,0.532,2026-10-05
OTT,3.308,2.238,0.634,2.755,1.877,0.508,2026-10-05
PHI,2.663,1.817,0.453,3.121,2.119,0.601,2026-10-05
PIT,3.355,2.321,0.676,2.924,2.016,0.482,2026-10-05
SEA,2.921,2.054,0.505,3.026,2.099,0.5,2026-10-05
SJS,2.915,1.938,0.611,3.243,2.113,0.704,2026-10-05
STL,2.774,1.971,0.43,3.023,2.048,0.556,2026-10-05
TBL,3.135,2.205,0.531,2.864,1.932,0.537,2026-10-05
TOR,2.853,1.946,0.532,3.255,2.21,0.626,2026-10-05
UTA,3.342,2.181,0.675,2.9,2.012,0.56,2026-10-05
VAN,2.862,1.937,0.567,3.314,2.229,0.651,2026-10-05
VGK,3.186,2.132,0.669,2.65,1.818,0.427,2026-10-05
WPG,2.889,1.891,0.661,3.191,2.151,0.589,2026-10-05
WSH,3.131,2.19,0.5,3.183,2.141,0.683,2026-10-05
ANA,3.142,2.125,0.584,3.097,2.112,0.629,2026-10-06
BOS,2.829,2.016,0.496,3.052,2.037,0.557,2026-10-06
BUF,3.202,2.226,0.498,2.904,2.058,0.524,2026-10-06
CAR,3.173,2.126,0.651,2.856,1.973,0.495,2026-10-06
CBJ,3.004,2.089,0.496,2.963,1.974,0.622,2026-10-06
CGY,2.534,1.791,0.445,3.223,2.203,0.534,2026-10-06
CHI,2.655,1.856,0.428,3.377,2.428,0.535,2026-10-06
COL,3.799,2.591,0.622,2.726,1.941,0.524,2026-10-06
DAL,3.018,2.066,0.634,2.893,1.891,0.553,2026-10-06
DET,2.859,1.86,0.618,2.982,2.002,0.579,2026-10-06
EDM,3.459,2.252,0.679,2.808,1.975,0.542,2026-10-06
FLA,2.963,1.946,0.638,2.905,1.902,0.601,2026-10-06
LAK,2.834,1.948,0.508,2.845,1.879,0.563,2026-10-06
MIN,3.055,2.024,0.658,2.894,1.948,0.54,2026-10-06
MTL,3.129,2.131,0.536,3.042,2.094,0.618,2026-10-06
NJD,2.811,1.924,0.527,2.918,2.026,0.473,2026-10-06
NSH,2.773,1.874,0.577,3.122,2.099,0.568,2026-10-06
NYI,2.969,2.002,0.506,3.112,2.209,0.575,2026-10-06
NYR,2.815,1.892,0.562,2.977,2.026,0.532,2026-10-06
OTT,3.271,2.245,0.597,2.743,1.882,0.497,2026-10-06
PHI,2.616,1.786,0.442,3.195,2.18,0.62,2026-10-06
PIT,3.305,2.309,0.643,2.927,2.039,0.467,2026-10-06
SEA,2.915,2.054,0.505,3.02,2.099,0.5,2026-10-06
SJS,2.804,1.859,0.584,3.343,2.198,0.724,2026-10-06
STL,2.769,1.971,0.43,3.018,2.048,0.556,2026-10-06
TBL,3.185,2.263,0.529,2.822,1.898,0.534,2026-10-06
TOR,2.848,1.946,0.532,3.249,2.21,0.626,2026-10-06
UTA,3.336,2.181,0.675,2.895,2.012,0.56,2026-10-06
VAN,2.857,1.937,0.567,3.309,2.229,0.651,2026-10-06
VGK,3.181,2.132,0.669,2.644,1.818,0.427,2026-10-06
WPG,2.897,1.935,0.63,3.17,2.16,0.565,2026-10-06
WSH,3.125,2.19,0.5,3.177,2.141,0.683,2026-10-06
