team,gf,gf_ev,gf_pp,ga,ga_ev,ga_pp,games,opp_d,opp_o,gf_adj,ga_adj,goalsF,goalsA,xgF,xgA,sogF,sogA,attF,attA,hdF,hdA,hdxgF,hdxgA,rebF,rebA,rebgF,rebgA,ppgF,ppgA,score_off,score_def,score_off_adj,score_def_adj
ANA,3.283,2.125,0.613,3.17,2.064,0.64,4,-0.0302,0.043,3.298,3.157,3.2491,3.2395,3.3019,3.2215,28.186,27.3105,60.2,59.0266,3.3517,3.1551,1.187,1.0767,3.7438,3.3567,0.4764,0.4322,0.6379,0.623,0.633,0.264,0.737,0.217
BOS,3.024,2.044,0.554,3.264,2.105,0.589,5,-0.0431,0.0194,3.061,3.238,3.155,2.8763,2.9952,3.2835,26.5209,29.2191,56.4409,60.4171,2.7238,3.3128,0.9709,1.1093,3.1389,4.0269,0.3413,0.279,0.5867,0.6112,-0.462,0.31,-0.337,0.236
BUF,3.186,2.142,0.459,2.919,1.961,0.523,4,-0.02,-0.032,3.196,2.935,3.1547,3.1404,3.1907,3.02,27.8195,26.6385,58.4207,55.5424,3.17,3.2915,1.1031,1.1201,3.3221,3.0593,0.2356,0.3195,0.4467,0.5863,-0.052,-0.238,-0.002,-0.191
CAR,3.492,2.257,0.727,2.927,1.917,0.511,5,0.0562,-0.0344,3.434,2.961,3.4459,2.9089,3.67,2.8477,30.8569,24.1705,65.6199,49.4395,3.7976,2.8931,1.2993,0.9897,3.5666,2.8918,0.2668,0.4229,0.7489,0.4938,1.757,-1.354,1.644,-1.339
CBJ,3.137,2.107,0.499,3.054,1.987,0.588,3,-0.0279,0.0525,3.154,3.02,3.0224,3.0565,3.2248,3.108,28.9065,28.1489,59.5366,59.8337,3.6138,3.1432,1.2067,1.091,3.5138,3.2733,0.2828,0.2692,0.4873,0.6587,0.294,0.071,0.395,-0.086
CGY,2.659,1.826,0.425,3.315,2.201,0.517,4,0.0305,-0.0221,2.646,3.323,2.4603,3.6647,2.8261,3.2419,27.9774,29.1426,60.3419,60.0231,2.5211,3.0993,0.8548,1.0565,3.334,3.5825,0.313,0.399,0.4359,0.4607,-1.153,0.728,-1.261,0.816
CHI,2.677,1.757,0.438,3.398,2.357,0.517,5,-0.0473,0.0095,2.714,3.383,2.5496,3.4673,2.723,3.3606,24.2453,29.1478,51.205,58.7385,2.6022,3.3005,0.9337,1.1306,2.8825,3.883,0.2739,0.4535,0.4009,0.557,-1.758,0.859,-1.715,0.855
COL,3.924,2.65,0.576,2.798,1.943,0.481,4,0.0185,-0.0823,3.902,2.859,3.9356,2.6525,3.4231,2.8182,31.905,26.6102,64.967,56.0855,3.3336,2.6522,1.1391,0.8888,3.6878,3.4942,0.4635,0.2292,0.5595,0.3629,1.491,-1.381,1.525,-1.197
DAL,3.123,2.049,0.646,2.992,1.899,0.533,4,0.0251,-0.0512,3.104,3.025,3.0901,2.5506,3.1066,2.8691,25.8558,25.7745,54.3513,55.1978,3.1917,2.9198,1.1129,1.032,3.5479,3.2267,0.5473,0.3657,0.6155,0.5456,-0.147,-1.17,-0.235,-1.118
DET,3.085,1.944,0.65,3.089,1.977,0.6,4,-0.0082,-0.0304,3.09,3.107,2.8708,3.1781,3.2152,3.0739,29.2395,27.0277,60.5129,57.8252,3.1367,2.9347,1.1107,1.0018,3.6576,2.9493,0.4913,0.3667,0.6304,0.6841,0.266,-0.158,0.315,-0.098
EDM,3.6,2.267,0.693,2.937,1.967,0.569,4,0.1056,-0.0392,3.516,2.976,3.7798,3.3543,3.3091,2.9918,28.9997,26.4332,58.4977,56.5209,3.5075,3.1282,1.1654,1.0668,3.3632,3.2331,0.3528,0.5484,0.7078,0.7035,1.022,0.03,0.771,0.192
FLA,3.071,1.941,0.64,2.957,1.856,0.589,4,-0.0107,0.0356,3.078,2.929,2.8107,2.9913,3.1766,3.0906,27.5907,26.0047,61.0123,54.0437,3.082,3.2766,1.0418,1.1634,3.5577,3.1065,0.4967,0.4108,0.5187,0.5917,-0.12,-0.338,-0.089,-0.514
LAK,2.885,1.904,0.492,2.979,1.856,0.608,3,-0.0271,0.0252,2.893,2.97,2.8454,3.3013,3.045,2.9272,28.0816,27.3963,60.6859,57.1416,2.9164,2.7472,1.018,0.9527,3.2984,3.0805,0.2692,0.3598,0.4805,0.7346,-0.391,-0.242,-0.367,-0.327
MIN,3.086,1.935,0.667,3.04,1.991,0.532,4,-0.0051,0.0028,3.087,3.046,3.1105,2.7398,3.1445,3.0118,28.8018,28.615,58.6239,60.0998,3.3109,2.7734,1.1368,0.9698,3.4396,3.536,0.3334,0.2937,0.768,0.4542,0.409,-0.562,0.443,-0.557
MTL,3.22,2.128,0.519,3.151,2.074,0.636,4,0.0176,0.0528,3.214,3.114,3.3394,3.4219,3.2245,3.3197,26.5888,27.8688,56.8724,58.2202,3.3194,3.5323,1.1972,1.2699,2.9021,3.8134,0.3925,0.2614,0.5252,0.7099,0.205,0.849,0.199,0.721
NJD,2.907,1.923,0.513,3.117,2.042,0.544,3,-0.0065,-0.0322,2.914,3.124,2.7196,3.2923,3.2558,3.104,30.5087,27.8454,63.1491,56.3294,3.2192,3.3518,1.1001,1.1285,3.54,3.6045,0.2419,0.5448,0.4443,0.5838,0.113,0.283,0.177,0.319
NSH,2.938,1.857,0.65,3.31,2.16,0.583,4,0.011,0.0003,2.938,3.314,2.9954,3.1041,3.0172,3.2882,26.7829,29.8299,56.458,59.6842,3.082,3.1615,1.1311,1.1055,3.5577,3.4715,0.4645,0.5225,0.7422,0.5069,-0.054,0.481,-0.065,0.548
NYI,3.059,1.952,0.536,3.23,2.158,0.634,4,0.0529,-0.0647,3.026,3.271,2.9642,2.7462,3.0731,3.3566,27.2728,27.6926,56.7167,58.6032,3.1551,3.6484,1.0683,1.2659,3.5105,3.5804,0.4451,0.2947,0.5337,0.4746,-0.249,0.167,-0.393,0.39
NYR,2.929,1.839,0.618,3.09,2.006,0.554,6,-0.021,0.0249,2.946,3.061,2.9074,2.7034,3.1054,3.1668,25.1921,27.2646,55.2434,58.1,3.3151,3.0374,1.1474,1.1153,2.8552,3.6951,0.3493,0.4368,0.6063,0.4994,-0.325,-0.342,-0.275,-0.494
OTT,3.345,2.179,0.626,2.966,1.908,0.584,4,0.0492,-0.0561,3.302,3.002,3.2083,2.8569,3.2115,2.9234,28.0283,26.1088,57.482,55.3023,3.442,2.8594,1.1917,1.0127,3.2718,3.1449,0.4709,0.4119,0.6359,0.6111,0.424,-0.796,0.285,-0.706
PHI,2.718,1.743,0.476,3.277,2.147,0.624,5,-0.0473,0.0789,2.755,3.196,2.5334,3.1773,2.8277,3.2721,24.9988,28.8804,52.6294,60.7597,2.787,3.1828,0.9932,1.1288,3.0234,3.457,0.3168,0.2484,0.3886,0.6612,-1.452,0.496,-1.385,0.171
PIT,3.391,2.324,0.603,3.192,2.142,0.517,5,0.0368,-0.0206,3.364,3.209,3.5398,3.0937,3.3218,3.2636,28.7992,28.1986,58.714,60.4079,3.4005,3.3596,1.1508,1.1342,3.6247,3.2592,0.2668,0.3474,0.6367,0.4254,0.734,0.257,0.682,0.368
SEA,3.074,2.098,0.51,3.221,2.179,0.508,5,0.0005,0.0018,3.075,3.214,3.1854,3.0376,2.8604,3.2074,26.2478,29.3026,53.8919,63.8434,2.5715,3.0034,0.8919,1.0377,3.2315,3.5869,0.4025,0.3606,0.5131,0.6796,-0.846,0.411,-0.893,0.425
SJS,2.903,1.863,0.567,3.435,2.209,0.694,4,-0.0472,-0.0482,2.934,3.467,3.0406,3.4103,2.8983,3.3617,25.9956,28.889,53.5596,60.7896,2.9917,3.2325,1.0472,1.1211,3.0172,3.6769,0.3657,0.4838,0.5456,0.6562,-0.664,0.903,-0.579,1.117
STL,2.812,1.935,0.398,3.074,1.991,0.559,4,-0.0197,-0.0287,2.823,3.092,2.7601,3.1255,2.8919,3.0812,26.1318,27.6528,54.3495,56.8676,2.7144,3.0508,0.9677,1.0915,3.2491,3.2029,0.2947,0.3915,0.3822,0.5123,-1.151,-0.142,-1.167,-0.071
TBL,3.306,2.258,0.543,2.933,1.893,0.539,4,-0.0094,-0.0263,3.307,2.95,3.2266,2.7537,3.4886,2.961,28.7143,26.4923,60.7238,54.6435,3.2508,3.2698,1.2229,1.0822,3.8929,3.2342,0.3592,0.3076,0.4929,0.5133,0.673,-0.759,0.737,-0.741
TOR,2.978,1.96,0.538,3.422,2.214,0.683,5,-0.012,0.0305,2.996,3.388,3.007,3.2705,3.0236,3.5136,27.3277,30.6101,55.7213,63.1496,2.9451,3.527,0.9882,1.2856,3.3102,3.694,0.4413,0.579,0.5131,0.4376,-0.458,1.322,-0.407,1.284
UTA,3.549,2.22,0.735,2.99,2.008,0.548,5,0.0236,-0.0456,3.525,3.036,3.305,2.9334,3.3261,2.9822,28.8702,25.5858,61.9785,54.6315,3.1983,2.6993,1.0688,0.9936,3.655,3.0818,0.4106,0.3964,0.7938,0.5622,0.794,-0.858,0.761,-0.728
VAN,2.947,1.919,0.564,3.507,2.286,0.68,5,-0.0373,0.08,2.982,3.438,3.0996,3.9369,2.8339,3.4427,25.4878,29.6303,53.8876,60.1656,2.9983,3.6628,1.0203,1.1961,3.3298,3.6624,0.529,0.4658,0.5867,0.8296,-0.628,1.78,-0.534,1.574
VGK,3.384,2.182,0.711,2.713,1.785,0.418,5,0.0925,-0.0652,3.296,2.771,3.3805,2.8957,3.4299,2.7265,29.7575,24.9972,61.1949,53.5189,3.4963,2.8644,1.1519,0.9729,3.6757,3.1621,0.5464,0.3351,0.7173,0.457,1.104,-1.302,0.822,-1.143
WPG,2.947,1.918,0.585,3.257,2.15,0.551,5,-0.0141,0.0568,2.964,3.215,2.816,3.0815,3.0337,3.2494,26.6339,28.2447,56.2344,59.6684,3.1412,3.3986,1.0787,1.202,3.5511,3.6595,0.4097,0.4719,0.5876,0.4744,-0.393,0.398,-0.347,0.239
WSH,3.314,2.251,0.516,3.321,2.147,0.71,4,-0.0548,0.0757,3.352,3.271,3.2233,2.8117,3.3008,3.305,27.465,28.1879,57.8844,60.7501,3.4946,3.2335,1.2152,1.0824,3.6511,3.0345,0.4366,0.2808,0.5004,0.5649,0.38,0.031,0.559,-0.163
