season,team,oz,dz,nz
2021,ANA,0.3941603,0.4167318,0.1891078
2021,ARI,0.3767068,0.4390357,0.1842576
2021,BOS,0.4151958,0.3966007,0.1882035
2021,BUF,0.3891762,0.4241167,0.1867071
2021,CAR,0.4562015,0.3565829,0.1872156
2021,CBJ,0.3846017,0.4329103,0.1824879
2021,CGY,0.4202754,0.3943376,0.185387
2021,CHI,0.3967731,0.4179252,0.1853017
2021,COL,0.4159071,0.3993437,0.1847492
2021,DAL,0.4010875,0.4141375,0.184775
2021,DET,0.3890975,0.4289618,0.1819408
2021,EDM,0.4292888,0.3828348,0.1878764
2021,FLA,0.4345392,0.3683028,0.197158
2021,LAK,0.4073522,0.4076342,0.1850137
2021,MIN,0.4068928,0.4013912,0.191716
2021,MTL,0.3854031,0.4262009,0.1883959
2021,NJD,0.3982178,0.412395,0.1893873
2021,NSH,0.4100998,0.4089951,0.1809051
2021,NYI,0.3967838,0.417935,0.1852812
2021,NYR,0.4104117,0.4065576,0.1830307
2021,OTT,0.3964294,0.4213939,0.1821768
2021,PHI,0.3977721,0.4175358,0.1846921
2021,PIT,0.4232374,0.3918072,0.1849554
2021,SEA,0.4165521,0.3995766,0.1838713
2021,SJS,0.3763379,0.432392,0.1912701
2021,STL,0.403341,0.4115009,0.1851581
2021,TBL,0.4157324,0.3990551,0.1852125
2021,TOR,0.4307498,0.3872222,0.1820279
2021,VAN,0.4011698,0.4188376,0.1799926
2021,VGK,0.4246528,0.381755,0.1935922
2021,WPG,0.4086748,0.4031507,0.1881745
2021,WSH,0.4100858,0.4028816,0.1870325
2022,ANA,0.3676467,0.4497796,0.1825738
2022,ARI,0.380752,0.4318663,0.1873816
2022,BOS,0.4155346,0.3941472,0.1903182
2022,BUF,0.4017087,0.4121629,0.1861284
2022,CAR,0.4693619,0.3411533,0.1894848
2022,CBJ,0.3830169,0.4363626,0.1806205
2022,CGY,0.4283561,0.3819801,0.1896638
2022,CHI,0.3784563,0.4364476,0.1850962
2022,COL,0.4152569,0.3998571,0.184886
2022,DAL,0.4120463,0.3936316,0.1943222
2022,DET,0.4036811,0.4166938,0.1796251
2022,EDM,0.4201245,0.3978655,0.18201
2022,FLA,0.4294704,0.3822192,0.1883104
2022,LAK,0.3956191,0.4201473,0.1842337
2022,MIN,0.4112863,0.4050521,0.1836616
2022,MTL,0.3780754,0.4390046,0.18292
2022,NJD,0.4110679,0.3941041,0.1948279
2022,NSH,0.4111239,0.4074626,0.1814135
2022,NYI,0.4057962,0.4138755,0.1803283
2022,NYR,0.4074075,0.4085076,0.184085
2022,OTT,0.4044349,0.4137409,0.1818243
2022,PHI,0.4026859,0.4153183,0.1819958
2022,PIT,0.4201985,0.3960706,0.1837309
2022,SEA,0.414879,0.4001627,0.1849583
2022,SJS,0.4000554,0.4103523,0.1895923
2022,STL,0.3982685,0.4180394,0.1836922
2022,TBL,0.4157684,0.3986762,0.1855555
2022,TOR,0.4144529,0.405882,0.179665
2022,VAN,0.4108152,0.4099945,0.1791903
2022,VGK,0.4124148,0.3988319,0.1887533
2022,WPG,0.4222106,0.3936221,0.1841673
2022,WSH,0.3989338,0.4169975,0.1840687
2023,ANA,0.3869123,0.4310009,0.1820868
2023,ARI,0.3907071,0.4197697,0.1895232
2023,BOS,0.4056893,0.4103033,0.1840074
2023,BUF,0.3993637,0.411847,0.1887893
2023,CAR,0.4614453,0.3448758,0.1936789
2023,CBJ,0.3890838,0.4311892,0.179727
2023,CGY,0.4141894,0.3996069,0.1862036
2023,CHI,0.3816614,0.4329787,0.1853599
2023,COL,0.4163525,0.3999095,0.183738
2023,DAL,0.4193593,0.3839878,0.1966529
2023,DET,0.4032013,0.4130374,0.1837613
2023,EDM,0.4340176,0.3847985,0.1811839
2023,FLA,0.4435675,0.3702457,0.1861868
2023,LAK,0.4042407,0.4102749,0.1854844
2023,MIN,0.4123223,0.4060641,0.1816136
2023,MTL,0.3922832,0.4308935,0.1768233
2023,NJD,0.3977091,0.4096464,0.1926445
2023,NSH,0.4318582,0.3745718,0.19357
2023,NYI,0.3890019,0.4289168,0.1820813
2023,NYR,0.4071176,0.4036649,0.1892175
2023,OTT,0.4021124,0.4141579,0.1837297
2023,PHI,0.4157704,0.3957277,0.1885019
2023,PIT,0.41148,0.4017685,0.1867516
2023,SEA,0.4147073,0.4035885,0.1817042
2023,SJS,0.3705081,0.4479559,0.181536
2023,STL,0.3947087,0.4230303,0.1822611
2023,TBL,0.413025,0.3997604,0.1872146
2023,TOR,0.4125093,0.4036889,0.1838018
2023,VAN,0.4248946,0.3969339,0.1781715
2023,VGK,0.406267,0.4038588,0.1898742
2023,WPG,0.4147911,0.3988933,0.1863157
2023,WSH,0.3746969,0.4419242,0.1833789
2024,ANA,0.3792782,0.4394886,0.1812332
2024,BOS,0.4097743,0.4058139,0.1844118
2024,BUF,0.4056526,0.4111106,0.1832368
2024,CAR,0.4635205,0.3476762,0.1888033
2024,CBJ,0.3854594,0.427213,0.1873276
2024,CGY,0.4157147,0.3939872,0.1902981
2024,CHI,0.3867459,0.42911,0.1841441
2024,COL,0.4219479,0.3892204,0.1888317
2024,DAL,0.4022452,0.4020217,0.1957331
2024,DET,0.3959399,0.4221666,0.1818935
2024,EDM,0.4249663,0.3963601,0.1786736
2024,FLA,0.4390578,0.3774622,0.18348
2024,LAK,0.4014177,0.4063609,0.1922213
2024,MIN,0.4008496,0.4172213,0.1819291
2024,MTL,0.3987658,0.4215161,0.1797182
2024,NJD,0.4078649,0.4046382,0.1874969
2024,NSH,0.4287744,0.3774958,0.1937298
2024,NYI,0.3966704,0.4251079,0.1782217
2024,NYR,0.3941206,0.4191279,0.1867515
2024,OTT,0.4112718,0.4059062,0.182822
2024,PHI,0.4008465,0.4115311,0.1876225
2024,PIT,0.4193111,0.3973715,0.1833175
2024,SEA,0.3972896,0.4202442,0.1824662
2024,SJS,0.3901426,0.4269229,0.1829345
2024,STL,0.4139176,0.400326,0.1857564
2024,TBL,0.4101952,0.4015532,0.1882517
2024,TOR,0.3982075,0.4175555,0.1842371
2024,UTA,0.4073711,0.3996559,0.192973
2024,VAN,0.4117289,0.4065509,0.1817202
2024,VGK,0.4111376,0.3972975,0.1915649
2024,WPG,0.409729,0.4064943,0.1837767
2024,WSH,0.3955854,0.4266937,0.1777208
2025,ANA,0.4157048,0.3921991,0.1920961
2025,BOS,0.3956961,0.4149005,0.1894033
2025,BUF,0.4027699,0.4138296,0.1834005
2025,CAR,0.4551603,0.3553451,0.1894946
2025,CBJ,0.4001472,0.4124537,0.1873991
2025,CGY,0.4010617,0.4084768,0.1904615
2025,CHI,0.3910221,0.4242871,0.1846909
2025,COL,0.4231365,0.387962,0.1889014
2025,DAL,0.4058953,0.4083444,0.1857603
2025,DET,0.3934282,0.4235738,0.182998
2025,EDM,0.4154402,0.4050206,0.1795392
2025,FLA,0.4180262,0.3960777,0.1858961
2025,LAK,0.4008829,0.4105221,0.188595
2025,MIN,0.407671,0.4112957,0.1810334
2025,MTL,0.4102346,0.412592,0.1771734
2025,NJD,0.4051524,0.4076266,0.1872209
2025,NSH,0.4200557,0.3940858,0.1858584
2025,NYI,0.3967331,0.4249308,0.1783361
2025,NYR,0.414386,0.4046105,0.1810034
2025,OTT,0.4299893,0.3895318,0.1804789
2025,PHI,0.403603,0.4081317,0.1882653
2025,PIT,0.4119423,0.4039134,0.1841443
2025,SEA,0.3908226,0.4225102,0.1866672
2025,SJS,0.4008948,0.413654,0.1854512
2025,STL,0.4082831,0.4072615,0.1844554
2025,TBL,0.4123593,0.39911,0.1885307
2025,TOR,0.3874649,0.4279033,0.1846318
2025,UTA,0.4115068,0.4002726,0.1882206
2025,VAN,0.3909193,0.4285562,0.1805244
2025,VGK,0.4159401,0.3922575,0.1918024
2025,WPG,0.4053456,0.4115376,0.1831168
2025,WSH,0.3961024,0.4219095,0.1819881
